Per√≠odo;SAWP;Nino 4;Nino 34;Nino 3;Nino 12;ACT;TSA;TNA;Dipolo
1981-09;0.092294;-0.111054202;-0.246371961;-0.269753647;-0.535868146;0.118589508;0.156178811;0.133303677;-0.022875134
1981-10;0.266954894;0.000508505;-0.129179261;-0.096431688;-0.732696057;0.25396829;0.290035649;-0.02397728;-0.314012929
1981-11;0.296317783;-0.123427217;-0.576828785;-0.501933112;-0.453505154;0.24670213;0.233035554;0.224627517;-0.008408037
1981-12;0.123480737;-0.021683541;-0.289502494;-0.081660142;-0.026319282;0.174606893;0.186031873;0.494887047;0.308855174
1982-01;0.040441664;0.044337403;0.194812856;0.279402274;-0.279758886;0.032800679;0.030997872;0.300065164;0.269067291
1982-02;-0.1252104;0.134038079;-0.109554731;-0.019144087;-0.780158082;-0.073336424;-0.086468989;0.239982519;0.326451508
1982-03;-0.086398506;0.227934923;-0.042922028;-0.160501726;-1.463166125;-0.097716783;-0.1517527;0.2724711;0.424223799
1982-04;-0.013605288;0.377503459;0.114483303;0.029750409;-1.224325078;-0.202558358;-0.254138156;0.047292007;0.301430162
1982-05;-0.228835065;0.651717227;0.586423775;0.588974629;-0.617042352;-0.406784846;-0.395324805;0.148967703;0.544292508
1982-06;-0.172065483;0.886895199;0.756261205;0.569974325;-0.237899916;-0.582140375;-0.250275645;0.167741519;0.418017164
1982-07;-0.317808642;0.232760427;0.375925829;0.352805818;0.278332541;-0.373720824;-0.449724165;0.045902594;0.495626759
1982-08;-0.508578581;0.279671644;0.999733214;0.942219479;0.88274877;-0.409576242;-0.674885653;-0.098234601;0.576651052
1982-09;-0.145526955;0.54799552;1.395421703;1.643371963;1.332816697;-0.3260225;-0.31212409;-0.190790385;0.121333706
1982-10;-0.1636189;0.731785705;1.919961129;2.132334834;1.822823833;-0.154475694;-0.265459787;-0.319601924;-0.054142137
1982-11;-0.178592329;0.453005699;1.867304433;2.370392845;2.870103902;-0.195714202;-0.245391554;-0.323396947;-0.078005393
1982-12;-0.201382074;0.649641877;2.399158541;2.992003962;2.983181344;0.082190353;-0.273199678;-0.510200184;-0.237000506
1983-01;0.097119152;0.711888178;2.329162139;2.891360282;2.424713121;0.236721139;0.217691843;-0.183489415;-0.401181259
1983-02;0.160249742;0.73489841;1.993433925;2.174770658;1.631913414;0.341518074;0.241372595;0.354937565;0.11356497
1983-03;0.121384863;0.694474041;1.399698662;1.456258983;1.912317911;0.094008903;-0.012631818;0.844474003;0.857105821
1983-04;0.031918025;0.276789463;0.837390783;1.342754986;2.639578587;0.039475403;-0.155670503;0.823633914;0.979304417
1983-05;-0.471241287;0.452074781;0.813527422;1.579584771;3.480136379;-0.210858851;-0.49607781;0.464519592;0.960597402
1983-06;-0.25195225;0.211336843;0.561249526;1.578593412;4.167058294;-0.509441547;-0.220155923;0.464229315;0.684385238
1983-07;-0.192163335;-0.065379411;-0.284719242;0.727803622;3.942202725;-0.34586208;-0.269841336;0.119199503;0.389040839
1983-08;0.226855621;-0.245257668;-0.387998878;0.624905733;2.818082403;-0.316501539;0.158317489;-0.067898677;-0.226216165
1983-09;0.09745081;-0.384538009;-0.325810298;0.26926129;1.503101005;-0.253186776;0.174864757;0.034552586;-0.140312171
1983-10;-0.12769718;-0.806956626;-0.980481535;-0.500206976;1.063043564;-0.026921292;-0.126394219;-0.174834464;-0.048440245
1983-11;0.031222366;-0.789059996;-1.275405839;-1.040465158;0.328332096;0.036079204;0.170659183;0.181482537;0.010823354
1983-12;0.115484471;-0.768597982;-1.12596941;-0.855238325;0.129824599;0.10645136;0.346883956;0.381626391;0.034742434
1984-01;0.264628854;-0.601943417;-0.90163903;-0.845424323;-0.247482359;-0.111003672;0.564509639;0.139077054;-0.425432585
1984-02;0.490296065;-0.640031284;-0.055215449;0.138892654;-0.914914156;0.009946011;0.74477227;0.128285536;-0.616486734
1984-03;0.528774174;-0.708085505;-0.440591947;-0.196208291;-0.914115199;0.108442027;0.625594516;0.073479787;-0.55211473
1984-04;0.553464059;-0.751927843;-0.442021073;-0.198683694;-0.462208758;0.1780885;0.397091354;0.043289333;-0.353802021
1984-05;0.182159758;-0.629069818;-0.614983784;-0.780114869;-1.230513834;0.133641452;0.10504678;0.059356837;-0.045689942
1984-06;0.057307788;-0.570128952;-0.983827385;-1.268678065;-0.975489689;0.573011952;0.166466331;-0.15446623;-0.320932562
1984-07;0.069103997;-0.200795707;-0.606794673;-0.777975494;-0.67557935;0.670811879;0.136638325;-0.276631087;-0.413269412
1984-08;0.279191984;-0.411769469;-0.444035414;-0.490865021;-0.584433984;0.752628079;0.424952255;-0.229087714;-0.65403997
1984-09;0.356295809;-0.223947149;-0.32071631;-0.2102425;-0.363391119;0.817881509;0.49434071;-0.288469688;-0.782810398
1984-10;0.242159324;-0.440341596;-0.673486683;-0.84554963;-0.438221115;0.402440987;0.265845177;-0.445037854;-0.710883031
1984-11;0.062070538;-0.530049946;-1.271254081;-0.999821259;-0.260286708;0.250274308;0.239339772;-0.356484198;-0.59582397
1984-12;0.119171999;-0.782155681;-1.435183589;-1.332173715;-0.298216185;0.345550384;0.152009018;-0.268838952;-0.420847971
1985-01;0.685737724;-0.593145083;-1.228862394;-1.344107699;-1.008608261;0.083131363;0.489475323;-0.239777068;-0.729252391
1985-02;0.77858862;-0.338811609;-0.839994584;-1.077154448;-1.379444856;-0.00211913;0.61434092;-0.166104856;-0.780445776
1985-03;0.328350603;-0.780486817;-0.807316502;-0.884894759;-0.957214735;-0.238465578;0.207927907;-0.442207111;-0.650135018
1985-04;0.196777136;-0.884456413;-1.041323906;-0.867698263;-1.465921347;-0.088733989;0.136418611;-0.523431272;-0.659849883
1985-05;0.160784725;-0.89442424;-1.008567622;-1.169049195;-1.940836246;0.051153787;0.11883006;-0.627100544;-0.745930605
1985-06;0.079969621;-0.757514777;-1.005129194;-1.141276683;-1.318277813;0.002661127;0.01709501;-0.077139354;-0.094234364
1985-07;0.105941244;-0.529668653;-0.703421495;-1.079016273;-1.302058796;0.085256794;0.078388677;0.000618218;-0.077770459
1985-08;0.338831584;-0.377746449;-0.534276432;-0.913462173;-1.262740375;0.198450161;0.306249193;-0.036936887;-0.34318608
1985-09;0.138090027;-0.387657055;-0.693000786;-0.89946531;-1.326115637;0.078809803;0.117525693;-0.135563482;-0.253089175
1985-10;0.145686254;-0.348350437;-0.649738826;-0.905814547;-1.092165512;0.075585528;0.224662485;-0.211599877;-0.436262361
1985-11;0.091947871;-0.133783274;-0.479809843;-0.836802703;-0.812548074;0.112080074;0.270489462;-0.050802266;-0.321291728
1985-12;-0.111601303;-0.101036028;-0.488454469;-0.793480116;-0.514213177;0.109637934;-0.011934447;-0.196591841;-0.184657394
1986-01;0.06067159;-0.302709557;-0.624498539;-0.796619923;-0.00961442;-0.0651279;0.104132551;-0.502221514;-0.606354065
1986-02;0.001687998;-0.151231766;-0.709982612;-0.50393273;-0.206129385;0.232718498;0.193109476;-0.381397474;-0.57450695
1986-03;0.042052474;-0.068630241;-0.511660838;-0.32119643;-0.710989468;0.040011333;0.17076972;-0.37246384;-0.54323356
1986-04;-0.282315792;-0.481271788;-0.434503386;-0.435523183;-0.944990012;0.108381569;-0.144086744;-0.47223515;-0.328148406
1986-05;0.009744317;-0.220033712;-0.481377;-0.70435195;-1.277565086;0.141798606;0.007285277;-0.491110896;-0.498396173
1986-06;-0.083199617;-2.00E-06;-0.23408405;-0.401918765;-0.987991992;0.116022463;0.122982249;-0.389898946;-0.512881195
1986-07;0.024929142;-0.056181065;0.072210823;0.021204004;-0.496638824;-0.241071605;0.107491782;-0.331692334;-0.439184116
1986-08;0.105542489;0.235484944;0.321025838;5.48E-05;-0.047595839;-0.165261923;0.195194598;-0.329006931;-0.524201529
1986-09;0.236441175;0.416078413;0.53075165;0.408520371;-0.066190843;-0.121892845;0.33274597;-0.17258329;-0.50532926
1986-10;0.137561572;0.494663061;0.643984694;0.466495363;0.173379939;-0.36013051;0.241804606;-0.306054925;-0.547859532
1986-11;-0.054797188;0.564655105;0.657785747;0.66384128;0.028465584;-0.085255776;0.06220777;-0.387089152;-0.449296922
1986-12;-0.032125277;0.454614418;0.957036782;0.708963667;0.173901196;-0.321363632;0.134096759;-0.713634334;-0.847731093
1987-01;-0.000509809;0.523599381;1.09043813;0.931331868;0.611416106;-0.07552664;0.040794097;-0.180978279;-0.221772376
1987-02;-0.080783226;0.587716791;0.951609331;0.904143655;0.749622677;0.001405268;0.050778178;-0.025260809;-0.076038988
1987-03;0.064498776;0.746337603;1.022403868;0.918140292;1.054079651;0.012418133;0.121562812;0.41699052;0.295427708
1987-04;0.029557314;0.524085689;0.566979991;0.697542268;1.02532487;0.20613264;0.156628528;0.499657445;0.343028917
1987-05;0.093483268;0.311671879;0.437983574;0.745021616;0.877708528;0.281342179;0.214633926;0.436287591;0.221653665
1987-06;0.367616207;0.599580411;0.864187734;0.627241578;0.717204526;0.471943601;0.320084621;0.724295774;0.404211153
1987-07;0.30684543;0.551465612;1.183614702;1.122453346;0.742513968;0.599859955;0.269432182;0.402999174;0.133566992
1987-08;0.461139655;0.596685011;1.336602614;1.172189728;0.743058453;0.440020609;0.305092991;0.420106302;0.115013311
1987-09;0.204137035;0.58681446;1.448574901;1.507846047;0.764896586;0.266857575;0.168792969;0.350237387;0.181444419
1987-10;0.393143098;0.896180664;1.083469704;0.97554692;1.333751645;0.226671569;0.413167309;0.345820918;-0.067346391
1987-11;0.515784872;0.866662515;0.947932988;0.819969607;0.929314823;0.367767119;0.63018264;0.343293631;-0.286889009
1987-12;0.241507396;0.748906603;0.864472612;1.025970649;0.461361784;0.431496906;0.290128193;0.597147302;0.307019109
1988-01;0.443494873;0.740998713;0.777975737;0.623805898;-0.187563535;0.329282933;0.547937897;0.282693411;-0.265244486
1988-02;0.481887151;0.523679202;0.31392683;0.04062891;-0.454055808;0.37502972;0.502383801;0.095464759;-0.406919042
1988-03;0.582117579;0.127620144;0.140788643;-0.029566554;-0.95427854;0.161513869;0.537916817;0.44526459;-0.092652227
1988-04;0.390323394;-0.424124339;-0.498084025;-0.747547642;-1.146237944;0.453269134;0.383010609;0.569861119;0.18685051
1988-05;0.408217397;-0.53855765;-1.333583357;-1.71452549;-1.199243926;0.421381856;0.387224961;0.337963865;-0.049261096
1988-06;0.371042429;-0.789574289;-1.686481523;-2.192724161;-1.61792279;0.659142203;0.403688306;0.401781088;-0.001907218
1988-07;0.222285659;-0.834929154;-1.693239781;-2.064687077;-1.600735451;0.495085415;0.218951165;0.32551882;0.106567655
1988-08;0.317524555;-0.815411278;-1.368916649;-1.537706197;-1.604439303;0.364009891;0.410505299;-0.080590324;-0.491095624
1988-09;0.021360254;-0.56755516;-0.842872325;-0.851240254;-1.50662965;0.254737472;0.003430436;-0.102559842;-0.105990278
1988-10;0.205391951;-1.597407095;-1.980909575;-1.526732397;-1.501295741;0.334475402;0.136898175;-0.244204026;-0.381102202
1988-11;0.235950748;-1.695357099;-2.189106737;-1.790843386;-1.188918674;0.199591384;0.191731652;-0.172905235;-0.364636887
1988-12;0.229980004;-1.60672263;-1.966162999;-1.806347616;-1.170556668;0.224471163;0.239986684;-0.158538223;-0.398524907
1989-01;0.466322645;-1.696623623;-1.945684319;-1.388823957;-0.486782582;0.186337754;0.580211015;-0.266286122;-0.846497137
1989-02;0.063304858;-1.303105197;-1.406057765;-0.86875047;-0.238135485;0.023455423;0.130783475;-0.213473207;-0.344256683
1989-03;0.233996559;-1.100994929;-1.385695433;-1.179282603;0.039491143;-0.102588166;0.258576852;-0.392579762;-0.651156614
1989-04;0.235580823;-0.92663849;-1.262286684;-1.002854233;-0.041788445;0.038483582;0.257702398;-0.62559621;-0.883298608
1989-05;0.110995883;-0.49997416;-0.818758076;-0.823405015;-1.240212247;0.242146262;-0.014482863;-0.461277527;-0.446794664
1989-06;0.282875862;-0.865742615;-0.576330772;-0.2782675;-1.117911179;0.229530919;0.162813841;-0.011583507;-0.174397348
1989-07;0.20483595;-0.630623771;-0.464936412;-0.432274221;-0.643654727;0.150600923;0.239999536;0.217110912;-0.022888625
1989-08;0.477299959;-0.716370558;-0.609914504;-0.555551622;-0.44822255;0.207276338;0.51022608;0.452899127;-0.057326953
1989-09;0.339403632;-0.342635152;-0.402351625;-0.289978645;-0.791623286;0.231503713;0.280013933;-0.082041222;-0.362055155
1989-10;0.386134838;-0.347975751;-0.458952718;-0.473754586;-0.599910712;0.060772976;0.293271025;-0.065059676;-0.358330701
1989-11;0.074971147;-0.576506656;-0.529780724;-0.628282762;-0.423907824;0.152021158;-0.111902212;-0.147217376;-0.035315164
1989-12;0.150177161;0.082623418;-0.089717769;-0.409750436;-0.552388879;-0.103472588;-0.189673334;0.253175266;0.4428486
1990-01;-0.157324421;0.198307905;0.001363328;-0.292328132;-0.598134356;-0.421895259;-0.312444532;-0.022996065;0.289448467
1990-02;-0.308759109;0.413046729;0.116005904;-0.015137427;-0.418201095;-0.043720326;-0.209707994;0.142238243;0.351946237
1990-03;-0.191301508;0.367861618;-0.079959432;-0.42355642;-0.493359664;0.148266559;-0.05352564;0.203193693;0.256719332
1990-04;-0.092787694;0.385069695;0.034709846;-0.119549108;-0.669968139;0.430455726;0.02474343;0.400997569;0.376254139
1990-05;-0.141532638;0.061974351;0.149060597;0.134049109;-0.517151513;0.105382674;-0.194890561;0.301604773;0.496495334
1990-06;-0.052492625;0.002205652;-0.174418623;-0.100340548;-0.321352186;0.149085695;0.011586669;-0.019669818;-0.031256487
1990-07;0.105932917;0.101338168;0.091076155;-0.056314977;-0.793040751;-0.269262703;0.066902705;0.135401068;0.068498362
1990-08;-0.138019623;0.367773769;0.204669688;0.044160186;-0.385846341;-0.237204071;-0.1540588;0.213543807;0.367602608
1990-09;0.080475957;0.303175663;0.061173607;0.099622258;-0.565538449;0.167884281;-0.054839413;0.282108434;0.336947847
1990-10;0.124966028;0.501824094;0.285759572;-0.085540976;-0.747610029;0.175432251;0.132703567;0.179952495;0.047248928
1990-11;0.046752547;0.352200201;-0.00667755;-0.277045833;-0.840937854;0.303724154;0.029452175;0.194180808;0.164728633
1990-12;0.14105875;0.61645761;0.320195708;0.013761181;-0.707361937;0.064900298;0.131791984;0.11141354;-0.020378444
1991-01;-0.352746924;0.625633842;0.447211253;0.060622393;-0.777098581;0.045871201;-0.391747494;-0.048917251;0.342830243
1991-02;-0.295531023;0.513081177;0.246902885;-0.008696803;-0.343640438;0.186785289;-0.285724594;0.020532257;0.306256851
1991-03;-0.256938473;0.352739892;0.015924351;-0.118821623;-0.174780145;0.15397982;-0.295548328;-0.160720838;0.13482749
1991-04;-0.215656562;0.424780428;0.182458253;-0.107397793;-0.539645993;0.345834123;-0.14950544;-0.238911755;-0.089406316
1991-05;-0.095454287;0.597633876;0.359339522;0.344649049;0.062710339;0.583555221;-0.052481411;-0.37907665;-0.326595239
1991-06;-0.036741117;0.402609363;0.502651454;0.711577984;-0.044956956;0.315158715;-0.076490097;-0.361393693;-0.284903596
1991-07;-0.473602898;0.372311108;0.581708626;0.668711884;0.319819072;-0.054556427;-0.360920536;-0.385649477;-0.024728941
1991-08;-0.325894747;0.602974385;0.720660359;0.417178373;0.245649249;-0.035966544;-0.115451377;-0.45557061;-0.340119232
1991-09;-0.091194334;0.389404722;0.39918004;0.17471438;0.236152972;-0.02211858;-0.07450912;-0.101917788;-0.027408668
1991-10;-0.465889901;0.858545707;0.75002867;0.354687854;0.291745002;-0.229620415;-0.343192489;-0.272336956;0.070855533
1991-11;-0.405656574;0.667137527;1.007754817;0.84817865;0.391687777;-0.504173688;-0.317066516;-0.273062733;0.044003783
1991-12;-0.10483029;1.011474968;1.650708168;1.143269341;0.399186013;-0.448074167;-0.02529647;-0.078983796;-0.053687326
1992-01;-0.149176888;0.83130298;1.842586918;1.313693532;0.18747169;-0.453931465;-0.146324351;-0.021576125;0.124748227
1992-02;-0.232839664;0.911962824;1.718334077;1.075087925;0.277311912;-0.151880296;-0.409117827;0.015612263;0.42473009
1992-03;-0.48274504;0.843542392;1.309739424;0.820831739;0.96389513;-0.707062321;-0.525238101;-0.032650048;0.492588052
1992-04;-0.649324075;0.742811474;1.136008052;1.013966772;1.699944354;-0.585099617;-0.730286597;-0.264137792;0.466148805
1992-05;-0.669611378;0.548824559;1.031616432;1.196910491;1.638169639;-0.475040443;-0.804235392;-0.175122213;0.629113179
1992-06;-0.883559417;0.371666181;0.498740849;0.540343407;0.529805077;-0.425888313;-0.936339247;-0.341863691;0.594475556
1992-07;-0.565471628;0.533096518;0.237807405;-0.160277362;-0.367567118;-0.594904916;-0.544175906;-0.095432998;0.448742908
1992-08;-0.420170552;0.142587844;0.001967039;-0.174819894;-0.167703568;-0.715327015;-0.509011008;-0.241025417;0.267985591
1992-09;-0.495967422;0.161964576;-0.076509435;-0.113822152;-0.218548532;-0.328062672;-0.643125208;-0.241796926;0.401328282
1992-10;-0.630813899;-0.064821105;-0.43275309;-0.358675966;0.136768525;-0.196294278;-0.791702833;-0.374227597;0.417475236
1992-11;-0.774899572;-0.139713172;-0.094372798;-0.156160234;-0.212215619;-0.282829412;-0.856214068;-0.466754177;0.389459891
1992-12;-0.542631028;0.220058535;0.242805864;-0.07866879;-0.432192811;0.01650619;-0.674164251;-0.459725614;0.214438637
1993-01;-0.711275722;0.286956859;0.250083784;0.07116711;-0.241064268;0.077490506;-0.547871958;-0.300504147;0.24736781
1993-02;-0.459779196;0.205844929;0.425032908;0.397756389;0.111960563;-0.25047676;-0.307644193;-0.207762689;0.099881505
1993-03;-0.563951692;0.268547085;0.323015937;0.308875201;0.354043578;-0.262809092;-0.416377306;-0.19182545;0.224551856
1993-04;-0.453019131;0.197649007;0.431966984;0.561606093;0.662827458;0.064758775;-0.158016378;0.075436379;0.233452757
1993-05;-0.434135215;0.195066435;0.768674531;0.964862993;0.672862179;-0.226712801;-0.250546564;-0.009277391;0.241269173
1993-06;-0.307905718;0.115634879;0.251673811;0.261161472;0.473377337;-0.226416241;-0.220409437;0.004780354;0.225189791
1993-07;-0.271180462;0.213897644;0.308088847;0.24837639;0.296893245;0.197775057;-0.241776445;-0.308502142;-0.066725697
1993-08;-0.027204612;0.164441979;0.036073707;0.116635917;0.216989124;-0.088592358;0.002992717;-0.357912444;-0.36090516
1993-09;0.211161726;0.347768678;0.320638157;0.235110062;0.343039594;0.281121784;0.41911045;-0.295673471;-0.714783921
1993-10;0.404692019;0.172639719;0.278454713;0.288450512;0.347012986;0.372808372;0.643247821;-0.301529184;-0.944777005
1993-11;0.310182152;0.265571445;0.157581694;0.099041057;0.062748726;0.264381467;0.587353988;-0.425141658;-1.012495645
1993-12;0.049256116;0.468541927;0.175735316;0.061998636;-0.377538846;0.258410194;0.388758052;-0.549171846;-0.937929898
1994-01;0.225734713;0.262063786;0.107621467;0.169936824;-0.179006155;-0.105253452;0.192271644;-0.644381915;-0.836653559
1994-02;0.12089083;-0.057535388;0.007624379;-0.117393842;-0.28289805;-0.32570959;0.061932086;-0.722564398;-0.784496484
1994-03;0.087183423;0.215877295;0.233858293;-0.250296053;-1.152121407;0.123865707;0.141978805;-0.524508225;-0.66648703
1994-04;-0.07562097;0.038184859;0.169046064;-0.525910707;-1.296637126;-0.004361332;-0.096326222;-0.417510837;-0.321184615
1994-05;0.044186484;0.364410118;0.215544795;-0.18793654;-1.179445474;0.044103389;0.072915748;-0.566507182;-0.63942293
1994-06;-0.034118549;0.367524796;0.23350959;-0.143136037;-0.760990517;-0.05496177;-0.034171322;-0.604935782;-0.57076446
1994-07;0.067658738;0.657193811;0.076208119;-0.563814483;-0.550589793;-0.366512761;-0.106033478;-0.432728739;-0.326695261
1994-08;-0.042315912;0.816589007;0.526689012;-0.263430702;-0.924020125;-0.056531408;-0.072348682;-0.423750239;-0.351401557
1994-09;-0.044349888;0.565002071;0.368086729;-0.028541275;-0.490148233;-0.310469795;-0.18426516;-0.535098039;-0.350832879
1994-10;-0.212128646;0.716062153;0.717302668;0.60183265;0.757055471;-0.032719166;-0.279694515;-0.503206736;-0.223512221
1994-11;-0.138711725;0.794988217;1.032644096;0.854011752;0.683381273;0.1080166;-0.045732391;-0.284116848;-0.238384457
1994-12;-0.417423787;0.922275106;1.292069691;0.92315892;0.728414178;0.073037683;-0.35196001;-0.414473283;-0.062513273
1995-01;-0.168488831;0.749934691;0.869055482;0.59571781;0.611560752;0.228586283;-0.122798683;-0.101423819;0.021374863
1995-02;-0.008209346;0.913724418;0.748226332;0.462260816;0.13953573;0.117507053;0.166323964;-0.046081468;-0.212405431
1995-03;0.009455775;0.777820084;0.389718653;-0.148872137;-0.305842107;0.228393521;0.177950272;-0.05445235;-0.232402622
1995-04;-0.064229661;0.544658135;0.170886115;-0.510583835;-1.10850297;0.177859425;0.16483064;0.152274095;-0.012556544
1995-05;-0.065941295;0.427457262;-0.138978451;-0.781699403;-1.278217469;-0.034058825;-0.040027122;0.483371653;0.523398775
1995-06;0.086638223;0.214480784;-0.286064162;-0.546687588;-0.729932175;0.337329428;0.143157567;0.519276782;0.376119215
1995-07;-0.239883439;0.072371844;-0.134563982;-0.289492534;-0.450564881;0.315968883;-0.268872588;0.547601797;0.816474385
1995-08;-0.622933193;-0.072493214;-0.502102956;-0.727297902;-0.69052807;0.000409503;-0.676182055;0.441481483;1.117663538
1995-09;-0.407384467;-0.183436076;-0.578067452;-0.797677754;-0.306084499;-0.070991227;-0.358971793;0.200865912;0.559837705
1995-10;-0.377125124;-0.437683764;-0.875631527;-0.847844993;-0.767098484;0.091153979;-0.392215861;0.266862065;0.659077926
1995-11;-0.369889386;-0.49691459;-0.938259841;-0.967630255;-0.068147797;0.260292622;-0.350340911;0.484701294;0.835042205
1995-12;-0.248351966;-0.341770875;-0.839709566;-0.888197707;-0.855398985;-0.000744798;-0.335580828;0.360082166;0.695662995
1996-01;-0.468323412;-0.339648018;-0.739280553;-0.609402627;-0.671757446;-0.385406118;-0.473198828;0.576345977;1.049544805
1996-02;0.108225375;-0.51741484;-0.695803063;-0.575648014;-0.475721695;-0.060845686;0.035778173;0.473327426;0.437549252
1996-03;-0.155317543;-0.49255448;-0.578364315;-0.425922386;-0.40488365;-0.242518942;-0.021237181;0.19785384;0.219091021
1996-04;-0.082572009;-0.377484159;-0.401244628;-0.888771301;-1.713765855;0.223095652;0.045900602;0.351082425;0.305181823
1996-05;0.063932604;-0.225809911;-0.413566622;-0.77328456;-1.332377442;0.036176659;0.08365568;0.250940009;0.16728433
1996-06;0.078345695;-0.235003353;-0.38589533;-0.715748774;-1.286383211;0.242550837;0.196510702;0.147277583;-0.049233119
1996-07;0.070810925;-0.26622858;-0.26542199;-0.574766816;-1.323483159;-0.003783772;0.24957416;-0.070242327;-0.319816486
1996-08;0.263315065;-0.108466074;-0.214391399;-0.462955625;-1.117571623;-0.290869065;0.34056906;-0.103792963;-0.444362022
1996-09;-0.030463144;-0.173224397;-0.259634231;-0.476652968;-1.060446434;-0.398975042;0.024747477;-0.150533146;-0.175280623
1996-10;-0.040660572;-0.208907098;-0.481774111;-0.630742978;-0.668301808;-0.331716796;-0.136424371;-0.274827965;-0.138403594
1996-11;0.115706941;-0.296143524;-0.348761861;-0.576350497;-1.269640776;-0.493218891;-0.073627714;-0.290751561;-0.217123847
1996-12;0.203631155;0.006363854;-0.524757256;-1.019642547;-1.151239614;-0.569867133;-0.032239137;-0.090416467;-0.05817733
1997-01;-0.253316914;0.057621919;-0.531521236;-0.915180018;-0.904258159;-0.843579639;-0.493723027;0.238038896;0.731761924
1997-02;-0.628866973;0.275143565;-0.286826095;-0.641467051;-0.420594272;-0.471588165;-0.838980722;0.296267641;1.135248362
1997-03;-0.712445826;0.291195789;-0.264497286;-0.353563555;0.366762886;-0.472602806;-0.882083875;0.130431144;1.012515019
1997-04;-0.573770879;0.66551675;-0.017795614;-0.23931165;1.001326667;-0.571581133;-0.714615739;0.261785251;0.97640099
1997-05;-0.705586578;0.600714559;0.521279716;0.563609758;2.009700116;-0.280931097;-1.023321004;0.244938194;1.268259198
1997-06;-0.649677211;0.377617689;0.958718159;1.345131805;2.921062526;-0.888219682;-0.767401482;0.296082367;1.06348385
1997-07;-0.470513067;0.572850058;1.431452088;1.941169646;3.672614168;-0.255293643;-0.464219769;0.126232962;0.590452731
1997-08;-0.489016999;0.513275909;1.848188169;2.487797931;3.768671705;-0.319225351;-0.4443499;-0.072263678;0.372086222
1997-09;-0.260977046;0.753254677;2.000823222;2.679689872;3.666308707;-0.142395788;-0.175984929;-0.026632528;0.1493524
1997-10;0.150464014;0.470093492;2.128948844;2.862723755;3.600859471;0.145316648;0.318625923;0.211252255;-0.107373668
1997-11;0.258442092;0.793547373;2.285324207;3.221406897;3.807079394;0.133859536;0.484741749;0.317356309;-0.167385439
1997-12;0.283767124;0.610167224;2.272248811;3.241646621;3.838035732;0.315672838;0.568824417;0.19329629;-0.375528127
1998-01;0.550894372;0.632940944;2.201176664;2.917659038;2.992221353;0.053065421;0.614729595;0.422426674;-0.192302922
1998-02;0.546802366;0.709528599;1.886112666;2.321039397;2.056519997;0.290455284;0.410321968;0.823090873;0.412768905
1998-03;0.480200824;0.450691831;1.310224464;1.770366304;2.134324453;0.142514326;0.32567104;0.649995592;0.324324552
1998-04;0.528469353;0.033306707;0.601714497;1.309507126;2.616181222;0.100140758;0.340763001;0.43599203;0.095229029
1998-05;0.056752683;-0.086694154;0.554203828;1.153494486;3.079281367;0.156426524;-0.011731174;0.455478291;0.467209465
1998-06;-0.009253766;-0.371234353;-0.762119021;-0.293688285;2.003905597;0.53635101;0.079383889;0.467329291;0.387945402
1998-07;0.404594368;-0.674619156;-1.172952902;-0.373700168;1.620773049;0.460371183;0.471469029;0.234902976;-0.236566053
1998-08;0.178984799;-0.805999259;-1.213406381;-0.429914519;1.049229873;0.194645926;0.01790445;0.191308483;0.173404033
1998-09;0.265777956;-0.660798552;-1.002385479;-0.622973677;0.472183469;0.111870983;0.100022549;-0.143750333;-0.243772882
1998-10;0.162885291;-1.358981633;-1.314433959;-0.902784126;0.799030346;0.09116192;-0.021577537;-0.012307855;0.009269682
1998-11;0.247649029;-1.358521985;-1.299400759;-0.697677893;-0.191779566;0.219347712;0.096896535;0.184103983;0.087207449
1998-12;-0.067586852;-1.392627308;-1.717812536;-1.142452716;0.250668366;0.016537893;-0.221507598;0.049925421;0.271433019
1999-01;-0.161839227;-1.612929911;-1.551200433;-1.12910633;-0.697815657;-0.114926299;-0.467651828;-0.496072752;-0.028420924
1999-02;-0.574780949;-1.413434618;-1.043878643;-0.675310929;-0.381408061;0.05430583;-0.632613578;-0.464563763;0.168049815
1999-03;-0.448643004;-1.250922815;-0.833250655;-0.268776307;0.098974961;-0.138615578;-0.376432749;-0.493411373;-0.116978623
1999-04;-0.012063089;-1.205690064;-0.931037127;-0.75958423;-1.550272116;0.056026247;0.032171937;-0.405321755;-0.437493692
1999-05;-0.135274739;-0.884284675;-0.850131735;-0.560289231;-0.809918794;0.071294812;-0.02316495;-0.129726444;-0.106561494
1999-06;-0.247851013;-0.766599379;-1.011247903;-0.725464702;-0.841234071;0.062520488;-0.240204947;-0.184149563;0.056055383
1999-07;0.063938711;-0.982396826;-0.942828015;-0.788481138;-0.776394335;0.228820846;0.226623464;-0.165353312;-0.391976777
1999-08;-0.162124807;-0.831653363;-1.155551315;-0.899793371;-0.778341042;0.287128301;-0.087468153;-0.004658033;0.08281012
1999-09;-0.014613114;-0.803048878;-0.941062853;-1.065785209;-0.86597283;-0.091898635;0.141977369;-0.039805261;-0.18178263
1999-10;0.0692618;-0.737932018;-1.111746282;-1.295733796;-0.684012079;-0.216824014;0.220078592;-0.182853046;-0.402931638
1999-11;0.170619471;-1.032199694;-1.581454293;-1.541473562;-0.982328931;-0.086534294;0.181051443;-0.142867212;-0.323918655
1999-12;0.238135055;-1.135814524;-1.59169537;-1.556848048;-0.616737382;0.032889213;0.254641787;0.136331526;-0.118310261
2000-01;-0.195333553;-1.107368348;-1.713241683;-1.635358073;-0.574698594;-0.157122609;-0.403432527;-0.289729249;0.113703278
2000-02;0.283618112;-1.329606911;-1.465574893;-0.927186408;-0.356628432;0.07723842;0.046649363;-0.161472206;-0.208121569
2000-03;-0.257909425;-1.42824356;-1.060933309;-0.517161475;-0.702938649;-0.010433978;-0.29342988;0.023101989;0.316531869
2000-04;-0.199520504;-1.136274283;-0.816217187;-0.071156389;0.299928349;-0.315756112;-0.328039609;-0.223085321;0.104954288
2000-05;-0.162614051;-1.039455381;-0.890373516;-0.47118455;-0.596092042;-0.043015108;-0.218463319;-0.261279307;-0.042815987
2000-06;-0.191978426;-0.423254003;-0.608927581;-0.657766362;-0.460127407;-0.173208034;-0.184828115;-0.284896921;-0.100068806
2000-07;-0.209011792;-0.458070767;-0.637549777;-0.713382742;-0.985813607;-0.05266674;-0.310345895;-0.240457726;0.069888169
2000-08;0.08376548;-0.43099216;-0.394454901;-0.482982018;-0.936207464;-0.06762179;0.06803876;-0.330427998;-0.398466758
2000-09;0.009589857;-0.206296977;-0.430574884;-0.387281744;-0.537574305;-0.226607779;0.019553069;-0.417699957;-0.437253026
2000-10;-0.012444578;-0.564798433;-0.623982464;-0.497388492;-0.491328835;-0.214499071;0.020191142;-0.409381618;-0.42957276
2000-11;-0.0488032;-0.590770822;-0.835677703;-0.859985707;-1.004412359;-0.119681847;0.013094917;-0.548757311;-0.561852227
2000-12;-0.282189029;-1.088384751;-0.990142947;-0.660815234;-0.395256227;-0.093274016;-0.311218182;-0.53263444;-0.221416258
2001-01;-0.121186659;-0.841385032;-0.687445333;-0.349355325;-0.362568546;-0.11316077;-0.075829361;-0.328578382;-0.252749021
2001-02;-0.09354992;-0.919401335;-0.481726861;-0.124042963;-0.414905157;-0.256559474;-0.08005312;-0.213708248;-0.133655128
2001-03;-0.209086399;-0.636642645;-0.292072079;0.196490772;0.413344547;-0.174510968;-0.200978005;0.183799163;0.384777168
2001-04;-0.308227309;-0.499639722;-0.485826797;-0.134031011;0.607466085;-0.11213547;-0.316070217;-0.109424321;0.206645897
2001-05;-0.000662362;-0.300794834;-0.375256411;-0.144111223;-0.342456316;-0.082270964;0.169761108;0.005140746;-0.164620363
2001-06;-0.049430195;-0.147968547;-0.060450949;-0.14078529;-0.657897608;-0.351707754;-0.080426701;0.052125078;0.132551778
2001-07;0.072740464;0.280847272;-0.001348458;-0.295769229;-0.469241321;-0.326770981;0.030000267;0.12779484;0.097794573
2001-08;-0.315468668;0.193868338;0.006965152;-0.279943323;-0.484486919;-0.429877366;-0.213328716;-0.009346036;0.20398268
2001-09;-0.23165479;0.527108825;-0.101735168;-0.45211204;-0.69677695;-0.444934455;-0.22110968;0.102493385;0.323603065
2001-10;0.138818329;0.310742988;-0.165950396;-0.394906515;-1.012625885;-0.37186517;0.060333981;0.008479506;-0.051854475
2001-11;0.170059957;0.244016282;-0.400228643;-0.783892436;-0.726323052;-0.352856641;0.097444375;0.336416915;0.23897254
2001-12;-0.050764074;0.03634414;-0.447319696;-0.503975249;-0.553670439;-0.244355718;-0.168017482;0.41564386;0.583661342
2002-01;0.033864242;0.528295107;-0.091140026;-0.578486326;-0.511173148;-0.336227021;-0.107505828;0.691544398;0.799050226
2002-02;-0.171351955;0.462401912;0.145696839;-0.251338686;0.043519324;-0.393604659;-0.332060779;0.575558744;0.907619523
2002-03;-0.163231207;0.184216999;0.034146939;0.167401769;0.842429587;0.01926262;-0.284936805;0.344832876;0.629769681
2002-04;-0.334841828;0.497142316;0.127225031;-0.046568307;0.818676482;-0.003515817;-0.305519893;-0.187926967;0.117592925
2002-05;-0.237645992;0.631808736;0.301315848;0.257283623;0.784880113;0.230177526;-0.165923842;-0.393936088;-0.228012245
2002-06;-0.25733248;0.626138167;0.723247547;0.599998079;0.089232167;0.28843091;-0.160874072;-0.434405469;-0.273531397
2002-07;-0.106839601;0.585767203;0.697806809;0.384136133;0.067308267;0.111928972;-0.145450232;-0.526552411;-0.381102179
2002-08;-0.189062329;0.681155594;0.791609693;0.418277918;-0.051718628;0.141396242;-0.4085012;-0.422854123;-0.014352923
2002-09;-0.145535468;0.706677804;0.976330164;0.78429454;0.381964538;-0.068269526;-0.200137602;-0.337499496;-0.137361894
2002-10;0.026672575;0.726994859;1.156280356;0.778881807;0.903135879;-0.237566348;-0.078602236;-0.013315165;0.065287071
2002-11;-0.078447873;0.995381678;1.351069721;1.221841195;1.309329185;-0.279242715;-0.11823783;-0.011938978;0.106298852
2002-12;0.267916359;0.987130466;1.427786576;1.275496223;1.057577758;-0.150622594;0.29468128;-0.128856292;-0.423537572
2003-01;0.296693693;0.780041973;0.993400754;0.763943206;0.09338506;0.029482112;0.441986833;0.048113087;-0.393873747
2003-02;0.48076163;0.758366841;0.750995294;0.478468763;0.077256337;0.044523327;0.628461698;-0.200584846;-0.829046544
2003-03;0.392998054;0.739167448;0.602473349;0.220352142;0.185871647;0.146199808;0.404555246;-0.164015846;-0.568571093
2003-04;0.183087872;0.257382605;-0.061391308;-0.291917513;-0.787468995;-0.07826074;0.232746115;-0.189865429;-0.422611544
2003-05;0.078591127;-0.110644151;-0.537384033;-0.877074243;-1.723658386;-0.09177225;0.045086916;-0.263030569;-0.308117485
2003-06;-0.219646462;0.118027855;-0.266182467;-0.551715453;-0.896621462;-0.084904822;-0.221210359;-0.170271598;0.050938761
2003-07;-0.213133609;0.243947175;0.133788019;0.064520188;-0.40109307;0.428735113;-0.079159551;0.034538211;0.113697762
2003-08;0.303263124;0.236842279;0.119129523;0.239995608;0.284506477;0.367608707;0.392463934;0.31786344;-0.074600495
2003-09;0.072871832;0.245953661;0.290315448;0.190910556;-0.171095564;0.085745954;0.066933947;0.227421837;0.16048789
2003-10;0.427561641;0.556735118;0.521224274;0.507644979;0.421217334;0.215173731;0.456167601;0.388975986;-0.067191616
2003-11;0.156089875;0.52663332;0.30142471;0.405160003;0.604502736;0.156547514;0.249747721;0.088205382;-0.161542339
2003-12;0.125565832;0.407950436;0.435381098;0.795930449;0.579187113;0.135808327;0.171837363;0.320130849;0.148293486
2004-01;0.299437083;0.430151952;0.302497504;0.572167827;0.333541626;-0.156357265;0.336446383;0.379410486;0.042964103
2004-02;0.049081574;0.376242629;0.255971027;0.343257006;0.160974516;-0.286581572;-0.091821031;0.403592221;0.495413252
2004-03;-0.1144705;0.170393913;-0.10655162;0.030379445;-0.847102984;-0.286363394;-0.296213399;0.235377156;0.531590554
2004-04;-0.206929967;0.171215958;0.037700635;-0.099883006;-0.020156162;-0.688784362;-0.342034524;0.343290924;0.685325448
2004-05;-0.181080414;0.266405984;0.163154062;-0.389270756;-0.979470625;-0.686900008;-0.367433667;-0.009129824;0.358303842
2004-06;-0.043143611;0.170811556;0.078438651;-0.174156574;-0.902622081;-0.266649801;-0.180958802;0.021776435;0.202735237
2004-07;0.004924646;0.452494502;0.580381717;0.114388483;-0.692062047;-0.279395327;-0.062501896;0.160294654;0.22279655
2004-08;0.184704864;0.518896915;0.734550278;0.191075239;-0.542279987;-0.031590304;0.162835197;0.41576154;0.252926343
2004-09;0.260889347;0.758454159;0.770333524;0.358442293;-0.223075277;0.319762968;0.260723255;0.271808886;0.011085631
2004-10;0.085698633;0.78037148;0.730709741;0.501701384;0.428034658;0.032483742;0.007430282;0.255734576;0.248304293
2004-11;-0.128144502;0.756548673;0.670095587;0.629548785;0.989723171;0.120000779;-0.116994587;0.464595724;0.581590311
2004-12;-0.084415463;0.796396979;0.717309573;0.646966213;0.175974261;0.074342451;-0.077984474;0.353420802;0.431405276
2005-01;0.227280801;0.99252008;0.698170715;0.36862088;0.158775546;0.141205767;0.243046208;0.3545118;0.111465593
2005-02;0.293171324;0.720770561;0.310282239;-0.067802853;-0.58590313;0.063976778;0.255670059;0.360370401;0.104700341
2005-03;0.394462237;0.624104203;0.349323236;-0.172130498;-1.358637028;0.211093357;0.321821743;0.683997578;0.362175834
2005-04;0.035296303;0.381840387;0.219458975;0.096222008;-0.512167393;-0.142676722;0.045165658;0.859075141;0.813909484
2005-05;0.035247877;0.292996066;0.311974399;0.268980724;0.07352245;-0.705932169;-0.056454952;0.857568545;0.914023496
2005-06;-0.1744792;0.322474117;0.29401619;0.185715395;-0.623639887;-0.735783853;-0.34583496;0.860504985;1.206339945
2005-07;-0.219327431;0.220501515;0.160054944;0.182117265;-0.340882203;-0.398036656;-0.504134341;0.62661378;1.130748122
2005-08;-0.190111407;0.099268506;0.135491586;0.309222882;-0.481778391;-0.238674322;-0.355598548;0.365296007;0.720894555
2005-09;-0.237401045;0.036732244;-0.035975763;-0.14788514;-0.603046025;-0.141947753;-0.361189876;0.369044121;0.730233996
2005-10;-0.421726052;0.134050871;0.012430316;-0.248542086;-1.028548002;-0.136274765;-0.43968579;0.073661044;0.513346834
2005-11;-0.25107822;-0.05329847;-0.467710892;-0.941077605;-1.18557379;-0.022238573;-0.299118899;0.140792428;0.439911327
2005-12;-0.145305037;-0.125466842;-0.739384616;-1.187517922;-0.581108666;-0.123747289;-0.246867972;0.455348149;0.702216121
2006-01;-0.433962015;-0.512410682;-0.864041815;-0.760190241;-0.015209741;-0.214442514;-0.479019892;0.201311384;0.680331276
2006-02;-0.047614033;-0.683328215;-0.602218683;-0.198100503;0.690995548;0.158116729;-0.029987044;0.065446433;0.095433477
2006-03;-0.09440013;-0.420037832;-0.611536603;-0.531122359;-0.226957087;-0.053852883;-0.057825686;-0.03713201;0.020693676
2006-04;0.116803656;-0.27599107;-0.199107315;-0.220210271;-1.264553651;-0.168125503;0.031923715;0.274775949;0.242852233
2006-05;0.378342372;-0.074302326;0.024729062;0.039199346;-0.419127883;-0.069354651;0.169074545;0.310296663;0.141222118
2006-06;0.168092682;0.242958394;0.182851556;0.095521084;-0.205198207;0.437249473;0.120949343;0.146000439;0.025051096
2006-07;0.104703115;0.234646147;0.078808981;0.071264279;0.292012558;0.004309221;0.104777952;-0.04649883;-0.151276782
2006-08;0.253643412;0.521797461;0.445025119;0.495735507;0.845722101;-0.01664455;0.224653925;0.143325469;-0.081328456
2006-09;0.345437637;0.765634796;0.637626755;0.912777468;1.241718783;0.046490047;0.277414114;0.155370769;-0.122043345
2006-10;0.100478017;0.74035096;0.745685162;0.887150412;1.714129118;-0.022352121;-0.038151884;0.277822398;0.315974282
2006-11;0.036235865;0.959572053;0.948834436;0.974590084;1.273416636;0.079741757;-0.161163408;0.50240034;0.663563748
2006-12;0.273103026;1.021564676;1.215071173;1.254579239;1.180309004;0.069248295;0.088717448;0.166773551;0.078056104
2007-01;0.155937672;0.7878763;0.850526736;1.042439697;0.708385407;0.085196844;-0.015495248;0.139550406;0.155045654
2007-02;0.160007211;0.605489879;0.169879318;0.184383439;0.243922277;0.080802018;-0.033339383;0.534334236;0.56767362
2007-03;-0.028996522;0.481252796;-0.00484006;-0.447153117;-0.363655167;0.06501254;-0.193343934;0.266449836;0.45979377
2007-04;-0.166429364;0.218397245;-0.029361456;-0.272607649;-0.571366715;-0.078988999;-0.262163869;0.174992898;0.437156767
2007-05;-0.112024894;-0.073650278;-0.360000864;-0.759203825;-1.121195557;0.260471828;-0.17439811;-0.012003417;0.162394694
2007-06;0.034426313;-0.039056718;-0.055626691;-0.406647919;-0.772881551;0.360288168;-0.027289014;-0.142848021;-0.115559007
2007-07;-0.283636258;-0.181068383;-0.350345001;-0.604858462;-0.586506905;0.219257637;-0.298509156;-0.215833615;0.082675541
2007-08;-0.189660026;-0.106838211;-0.517414005;-1.01016889;-0.912825417;0.183920658;-0.192957372;-0.392652509;-0.199695138
2007-09;-0.186160784;-0.477787024;-0.808935599;-0.987160878;-0.972784515;0.280418156;-0.076663399;-0.271014075;-0.194350675
2007-10;-0.140392789;-0.595096617;-1.142909052;-1.263842538;-1.483009387;-0.060260292;-0.124302228;-0.142961348;-0.018659121
2007-11;0.060545646;-1.085184148;-1.37420802;-1.521454695;-1.810118641;-0.110575811;0.050894485;-0.188086653;-0.238981138
2007-12;0.09580415;-0.769250943;-1.128097626;-1.325894302;-1.649232024;-0.16138519;0.081937603;-0.284291797;-0.3662294
2008-01;-0.032904478;-1.433633899;-1.536205905;-1.303240752;-0.146654008;0.039125476;-0.045476082;-0.113346256;-0.067870174
2008-02;-0.082311273;-1.383310435;-1.447837058;-1.038837955;0.408353945;0.056776577;0.077264728;-0.045793508;-0.123058236
2008-03;0.228103253;-1.077991625;-0.859876383;-0.390786275;0.721583251;0.149544606;0.213871963;0.13682025;-0.077051714
2008-04;0.375737016;-0.911050958;-0.774275098;-0.202461117;0.458168144;0.122906243;0.448452068;-0.018198597;-0.466650665
2008-05;0.333271063;-0.864299958;-0.609143097;0.056499612;0.167754902;0.237919397;0.494103569;0.242280343;-0.251823226
2008-06;0.2497933;-0.803352562;-0.559279804;-0.042095445;0.591208638;-0.058655751;0.422109806;0.266505687;-0.15560412
2008-07;0.33334015;-0.622959365;-0.175084998;0.357095551;1.055833912;0.154581144;0.39882782;0.237561145;-0.161266675
2008-08;0.195991232;-0.635217916;0.01904061;0.678582136;1.330002597;0.280117579;0.370546673;0.116275774;-0.254270899
2008-09;0.101082728;-0.547699247;-0.164179822;0.420453881;1.226473964;0.153896415;0.057784478;0.321450492;0.263666014
2008-10;-0.019243103;-0.379028614;-0.119632309;0.30458291;0.517708235;-0.124732344;-0.063237682;0.10715242;0.170390102
2008-11;0.162362447;-0.453275997;-0.266174426;0.034411484;0.045761161;-0.031547642;0.138680985;-0.067783551;-0.206464537
2008-12;-0.071494497;-0.739931445;-0.758520758;-0.58259978;-0.233053347;-0.135503169;-0.039622668;-0.100426891;-0.060804223
2009-01;-0.050819581;-0.826753977;-0.732018671;-0.275498717;-0.100436828;-0.08870452;0.044316949;-0.28194455;-0.326261499
2009-02;-0.155936214;-0.662765885;-0.514739759;-0.353968514;-0.252180903;-0.281986002;-0.034859889;-0.63126064;-0.596400751
2009-03;0.072265863;-0.50575869;-0.555740647;-0.607868354;-0.493524924;-0.058777837;0.222667527;-0.554109619;-0.776777146
2009-04;0.183616134;-0.166201065;-0.088412143;0.017804444;0.390771687;0.077498372;0.231255429;-0.429963135;-0.661218565
2009-05;0.574433033;0.076324014;0.275364496;0.472867883;0.572567627;0.33689167;0.428195916;-0.48869808;-0.916893996
2009-06;0.583141244;0.166245943;0.519969992;0.733908722;0.862899341;0.171056456;0.463082342;-0.220847234;-0.683929575
2009-07;0.061062941;0.334744914;0.633636004;0.889476844;1.147395071;0.0768645;0.038324449;0.174397628;0.136073179
2009-08;0.06421886;0.532968006;0.788832626;0.922120021;0.955563318;0.02702564;0.05386273;0.045051331;-0.008811398
2009-09;0.106566979;0.424802243;0.819179928;0.903314416;0.756503931;0.065058023;0.010212167;0.031996631;0.021784463
2009-10;0.278370664;0.946011938;1.008743158;0.821980065;0.346096531;0.185956665;0.310231497;0.174658365;-0.135573132
2009-11;0.130502719;1.260196104;1.555692022;1.172114488;0.316409772;0.168179053;0.210024233;0.161283795;-0.048740438
2009-12;0.214497795;1.270095222;1.806246539;1.5169757;0.729252829;0.323079671;0.497580946;0.184498296;-0.31308265
2010-01;0.340685331;1.253884643;1.65856192;1.160629363;0.167685761;0.246684214;0.602308756;0.467085434;-0.135223322
2010-02;0.353637392;1.019313164;1.305104901;0.817967368;-0.154969124;0.219687824;0.453073095;0.829504517;0.376431422
2010-03;0.571051506;0.966771409;1.242203836;0.812520569;0.036711416;0.382142022;0.709692614;1.170579925;0.460887312
2010-04;0.819614529;0.771067881;0.69207247;0.636509846;0.80599747;0.134069587;0.793746672;1.240851766;0.447105094
2010-05;0.834613176;0.244477511;-0.048854795;-0.046410081;0.284218761;-0.155866456;0.741726664;1.157848465;0.416121801
2010-06;0.798485343;-0.245589039;-0.500069153;-0.533081403;0.29139303;-0.033790317;0.875205847;0.898658507;0.02345266
2010-07;0.670469082;-0.659985347;-0.875227985;-0.834073099;-1.000861171;-0.048573837;0.606551089;0.711256311;0.104705222
2010-08;0.41777707;-1.148491686;-1.165925605;-0.946027163;-0.813547729;-0.093621974;0.44031523;0.549448351;0.109133121
2010-09;0.0314009;-1.486431925;-1.264530329;-0.893846045;-1.318176019;0.12882541;-0.045782994;0.281024545;0.32680754
2010-10;0.185117198;-1.342936387;-1.345911695;-1.339869762;-1.394187756;0.087450941;0.172121161;0.322649658;0.150528497
2010-11;0.266306565;-1.421879662;-1.372250794;-1.214681748;-1.259236245;-0.007229919;0.177710712;0.425982057;0.248271345
2010-12;0.150411505;-1.125374709;-1.131994053;-1.246805087;-1.136945984;0.038569359;0.069090133;0.653783286;0.584693153
2011-01;0.175772777;-1.16741651;-1.411077826;-1.225937548;-0.539041817;-0.088164884;0.014323543;0.716923266;0.702599723
2011-02;0.170700394;-1.062907179;-1.115441217;-0.726258084;0.073767202;0.192468817;0.221298591;0.329374424;0.108075833
2011-03;0.354177053;-0.47011469;-0.750583112;-0.738384212;-0.456190387;0.095165994;0.342641315;0.260833902;-0.081807413
2011-04;0.021185664;-0.71210194;-0.672256455;-0.295795027;0.021697236;0.185255253;-0.001306031;0.230319672;0.231625703
2011-05;0.049728393;-0.393733051;-0.295891315;-0.19436022;0.292555418;-0.414721104;-0.036373524;0.145440444;0.181813968
2011-06;0.088160725;-0.458079386;-0.209498481;0.050394978;0.444562856;-0.422156125;-0.042334877;0.337970738;0.380305615
2011-07;0.524090235;-0.362765382;-0.091945292;0.095674424;0.437152082;-0.371812457;0.387704593;0.170460849;-0.217243744
2011-08;0.261346496;-0.175772759;-0.33158891;-0.288406137;0.059070733;-0.203101067;0.053684997;0.02455207;-0.029132928
2011-09;0.118119129;-0.537221069;-0.592652054;-0.524687039;-0.583975075;-0.042995241;0.109086864;-0.130044073;-0.239130938
2011-10;-0.018512626;-0.676446098;-0.641240375;-0.699895512;-0.821860362;-0.170789294;-0.004670204;-0.105278245;-0.100608041
2011-11;-0.130697893;-0.800385634;-0.924199881;-0.990256334;-0.629574214;-0.375162527;-0.276641842;-0.226645692;0.049996149
2011-12;-0.495641186;-1.010628881;-0.909626352;-0.867118171;-0.635021069;-0.730224245;-0.69500058;-0.269606024;0.425394555
2012-01;-0.530166847;-0.931554044;-0.646138105;-0.535158159;-0.655886914;-0.630244012;-0.724592075;-0.329201512;0.395390563
2012-02;-0.967608462;-0.605204807;-0.472468812;-0.180441569;-0.051733371;-0.802191401;-1.066933433;-0.456859992;0.610073441
2012-03;-0.739713468;-0.663714656;-0.364763263;-0.043538833;0.036057607;-0.403090062;-0.735671733;-0.621146021;0.114525712
2012-04;-0.84367997;-0.50485924;-0.448839713;-0.022418745;0.985224307;-0.264120345;-0.855160384;-0.457145089;0.398015296
2012-05;-0.707377765;-0.402343088;-0.107001398;0.132728347;0.959180744;-0.256382787;-0.511865222;-0.293511674;0.218353548
2012-06;-0.572433592;-0.316388444;0.353668551;0.640831686;1.402257915;-0.244492762;-0.705942649;-0.099778371;0.606164278
2012-07;-0.474081902;-0.211278297;0.372945602;0.690079501;0.312118864;-0.003615709;-0.530406428;-0.037350554;0.493055874
2012-08;-0.252284702;0.136387467;0.798011074;0.795750041;0.153070254;0.029745996;-0.349844344;0.116550261;0.466394606
2012-09;-0.357893431;0.151651956;0.52829429;0.462860469;0.630759578;0.084310852;-0.399798693;0.37012821;0.769926903
2012-10;-0.430194131;0.374485568;0.444460073;0.057263849;-0.399661716;0.003221293;-0.469625708;0.131100477;0.600726186
2012-11;-0.408651371;0.402679973;0.585952395;0.309410312;-0.043192947;-0.198786479;-0.512181452;0.241390652;0.753572104
2012-12;-0.147539901;0.01949361;-0.417603425;-0.621508591;-0.421998929;-0.029930973;-0.349773512;0.077525517;0.427299029
2013-01;-0.103435114;-0.076421252;-0.427852131;-0.640433357;-0.045483556;0.039385407;-0.188727419;0.025758812;0.214486231
2013-02;-0.161697728;0.118278967;-0.433027289;-0.520981841;-0.058611311;-0.007738599;-0.310831045;0.120484769;0.431315814
2013-03;-0.253644119;-0.483024156;-0.12754304;0.135904734;-0.447398034;-0.026294789;-0.276156336;0.525355614;0.80151195
2013-04;-0.005790629;-0.137317238;0.201857455;0.089150239;-1.04038863;-0.088954334;-0.039409483;0.274313212;0.313722695
2013-05;-0.018933004;-0.216819366;-0.244681992;-0.664012915;-1.307617192;-0.259978073;0.056130629;0.276876437;0.220745808
2013-06;-0.054210159;-0.271285636;-0.263035023;-0.753701632;-1.844576845;-0.257531098;-0.088544561;0.027386518;0.11593108
2013-07;0.113401174;-0.165942793;-0.180876502;-0.50443926;-1.723581609;-0.312578228;0.001254431;-0.054723122;-0.055977553
2013-08;0.097680063;-0.190543798;-0.415454203;-0.677624003;-0.950884921;-0.207239331;0.025549349;0.092677358;0.067128009
2013-09;-0.038474854;0.061426471;0.132753512;0.023283612;-0.627947923;-0.212742918;-0.150087831;0.098845941;0.248933772
2013-10;-0.069302165;0.1311553;-0.084612275;0.024556463;-0.559433301;-0.271180593;-0.186603002;0.131362509;0.317965511
2013-11;-0.348647467;0.14694431;-0.009234379;-0.167523858;-0.493199289;-0.353242472;-0.435930597;-0.11474991;0.321180687
2013-12;-0.52933516;-0.329274889;-0.111449714;0.098915122;0.125025374;-0.035605954;-0.502656263;-0.198724698;0.303931564
2014-01;-0.26419537;-0.329622049;-0.440439265;-0.135946838;0.325913711;-0.059238634;-0.314354158;-0.274763464;0.039590694
2014-02;-0.258310035;-0.171920579;-0.813952055;-0.725227703;-0.850548568;0.118379572;-0.130374105;-0.492767505;-0.3623934
2014-03;-0.373941881;0.059240517;-0.281478059;0.023158863;-0.753751386;-0.230715454;-0.238733377;-0.7507264;-0.511993023
2014-04;-0.055384884;0.347841416;0.273092571;0.264233335;-0.22317139;-0.066346604;-0.091727277;-0.39488359;-0.303156314
2014-05;-0.025383033;0.52040304;0.554925698;0.696599856;0.813113702;0.127683852;-0.138063386;-0.329081039;-0.191017653
2014-06;0.233277494;0.236196627;0.569083425;1.046429369;1.461579904;0.00045437;0.149190059;-0.369112999;-0.518303058
2014-07;-0.107329938;0.029810039;0.023977923;0.543316939;1.540711661;-0.394560373;-0.066003625;-0.224340939;-0.158337315
2014-08;0.032167076;0.294550007;0.052168014;0.381117355;1.113674375;-0.201175243;-0.075621365;-0.176820882;-0.101199517
2014-09;0.121752591;0.54986958;0.400554256;0.419564397;0.807548129;-0.265985812;0.054004974;0.082909506;0.028904532
2014-10;-0.108192381;0.494764349;0.518712075;0.731715431;0.488463967;-0.02191259;-0.099720585;0.206162569;0.305883154
2014-11;-0.334303582;0.757274626;0.838377462;0.958482416;0.830962333;-0.236235921;-0.489053292;-0.14818329;0.340870002
2014-12;-0.566375247;0.77591703;0.711652697;0.854327301;-0.033517025;-0.325623722;-0.596687771;-0.132006993;0.464680778
2015-01;-0.416412611;0.733877137;0.58274211;0.611487022;0.201068821;-0.006422962;-0.172675522;-0.378620296;-0.205944774
2015-02;-0.157454538;0.994554452;0.826878399;0.436705526;-0.441074501;-0.024340832;0.109103832;-0.359490925;-0.468594757
2015-03;-0.123674229;0.987047106;0.519523904;0.173293979;0.247574915;-0.229667213;-0.054374;-0.493000746;-0.438626746
2015-04;-0.07016812;1.157192118;0.920579671;0.849537144;1.17088125;-0.060161716;-0.027563289;-0.619273235;-0.591709946
2015-05;-0.154872309;0.924976215;0.938594057;0.961959776;1.577891595;0.131128331;-0.101973663;-0.347422317;-0.245448654
2015-06;-0.081550755;0.948047482;1.149065642;1.375601712;2.117312534;-0.247009602;-0.067224567;-0.491063076;-0.423838509
2015-07;-0.107582992;0.935121358;1.387107952;1.824307091;2.618073587;-0.302292257;-0.121439933;-0.120174486;0.001265447
2015-08;-0.386483881;0.769487181;1.78923565;1.965181236;1.908093536;-0.325135651;-0.445316249;0.149999301;0.59531555
2015-09;-0.250866414;0.836162345;1.926068319;2.225071001;2.319302581;-0.275302326;-0.355936874;0.304428091;0.660364964
2015-10;-0.222468643;1.002044433;2.358795611;2.50817311;2.330384334;-0.172556148;-0.211528583;0.340457891;0.551986474
2015-11;-0.131952342;1.611020775;2.888242644;2.844313373;2.210408956;0.015950465;0.038497231;0.119965425;0.081468194
2015-12;0.147429621;1.451633165;2.538752911;2.704458917;2.305648643;0.152415473;0.388494817;0.000857491;-0.387637326
2016-01;0.297880538;1.316236185;2.624749016;2.601241363;1.35949768;0.430290619;0.370625886;0.208573421;-0.162052465
2016-02;0.161075215;1.424804354;2.381469991;2.0334064;1.134474995;0.04347282;0.286144712;0.123086408;-0.163058303
2016-03;0.068751169;1.246478679;1.722587328;1.620299648;1.219255507;0.164332066;0.112304254;0.055142891;-0.057161363
2016-04;-0.059469178;0.758658986;1.058304961;0.731969459;0.426826434;0.113347996;-0.011983286;-0.012120703;-0.000137416
2016-05;-0.233257992;0.558969098;0.296562801;-0.049999662;0.45427261;0.07924634;-0.163271254;0.078826875;0.242098129
2016-06;0.055346002;0.396483954;0.033874596;-0.023328509;0.41318833;0.243505003;0.193745374;0.059662694;-0.13408268
2016-07;0.12916728;0.129163298;-0.405310114;-0.470771822;0.438286945;0.247725781;0.28141958;0.086641679;-0.194777901
2016-08;0.05904668;-0.038900841;-0.45239163;-0.397102254;0.468537446;0.201139977;0.230667959;0.12820385;-0.102464109
2016-09;0.049841072;-0.210287582;-0.38738971;-0.051028985;0.687253401;-0.009847328;0.173797563;-0.015408039;-0.189205603
2016-10;0.058369993;-0.452253852;-0.657453633;-0.453780075;0.556526832;0.103306915;0.148972532;-0.062166322;-0.211138854
2016-11;-0.055463224;-0.461247023;-0.598992011;-0.487091984;0.325265121;0.113360635;0.041586008;0.152142552;0.110556543
2016-12;0.002027336;-0.097298223;-0.287606425;-0.242387266;0.500568904;0.387857975;0.104022177;0.238469734;0.134447557
2017-01;0.080685651;-0.115784268;-0.212701551;0.019254854;1.157287936;0.328271013;0.225828387;0.143164033;-0.082664354
2017-02;-0.252027265;-0.140505435;0.166112624;0.608467336;1.285300162;0.005928968;-0.15367003;-0.054683717;0.098986313
2017-03;0.019235114;-0.108708049;0.260592617;0.537255633;2.027871076;0.01035029;-0.160388601;-0.130866209;0.029522392
2017-04;0.060095501;0.075459791;0.419346444;0.606374305;0.923125018;0.077559771;-0.025391168;0.142376192;0.16776736
2017-05;-0.006406859;0.166369727;0.489313192;0.428592355;0.417382296;0.013715456;-0.019191266;0.418280399;0.437471665
2017-06;0.038748877;0.427193908;0.461690447;0.113149083;0.100112993;0.095923527;0.064311568;0.443593633;0.379282065
2017-07;-0.000129353;0.211394555;0.350312209;0.206710366;-0.204362402;-0.123098886;0.027014384;0.378808214;0.35179383
2017-08;0.253778062;0.052569612;-0.003552983;0.060213012;-0.163800032;0.032932624;0.286264136;0.31333801;0.027073873
2017-09;-0.059184259;-0.125296392;-0.2581464;-0.478504543;-0.611856236;0.125584666;0.012957355;0.161426761;0.148469407
2017-10;-0.252782796;-0.169672788;-0.318131129;-0.368283517;-0.95343452;0.151603421;-0.24443451;-0.029323121;0.215111389
2017-11;-0.07648349;-0.400784336;-0.881600584;-0.957368644;-0.995522663;-0.009365376;-0.104731648;0.158122282;0.26285393
2017-12;-0.166570216;-0.432858333;-0.894983064;-1.145148062;-1.086396157;-0.157907033;-0.276794457;0.237619399;0.514413856
2018-01;-0.107788381;-0.236208804;-0.649608906;-1.068614818;-0.629139505;0.352344755;-0.260498959;-0.144799262;0.115699697
2018-02;-0.256051148;-0.299809366;-0.629996162;-0.764661519;-0.371570364;-0.043984118;-0.370706452;-0.579102608;-0.208396156
2018-03;-0.243501536;-0.22368329;-0.698993113;-0.708106189;-0.712160775;-0.14523933;-0.38911707;-0.400776705;-0.011659635
2018-04;-0.331114431;0.00925927;-0.457239103;-0.458155042;-0.805653545;0.055043497;-0.277694466;-0.639105919;-0.361411453
2018-05;-0.269160676;0.099162125;-0.04503679;-0.080859019;-0.487220733;-0.012312899;-0.262320217;-0.929551985;-0.667231768
2018-06;-0.23865147;0.215895654;0.241604763;0.276989215;-0.609641659;0.202871671;-0.205621353;-0.9760889;-0.770467547
2018-07;-0.310717566;0.204266527;0.3044571;0.34290323;-0.169367439;0.188345829;-0.226086185;-0.741067947;-0.514981761
2018-08;-0.220321428;0.464922862;0.362462865;0.194002683;-0.003696856;0.041571454;-0.020810585;-0.480918398;-0.460107813
2018-09;-0.087315121;0.442156727;0.41126758;0.351239382;0.203586861;0.02728677;0.110885227;-0.480125087;-0.591010314
2018-10;0.033991509;0.878744992;0.965519683;0.862444609;0.43178578;0.171015662;0.17967096;-0.2381325;-0.41780346
2018-11;-0.075159166;0.79396523;0.958473415;1.021357364;0.92960798;0.205185133;0.015884137;-0.481717026;-0.497601163
2018-12;0.194214938;0.985043394;0.99187629;1.028378163;0.997054845;0.086963703;0.227732461;-0.513719277;-0.741451737
2019-01;0.101709694;0.844502296;0.761656881;0.810697565;0.975604837;0.240656543;0.213872777;-0.29003962;-0.503912397
2019-02;0.46604878;0.860194031;0.793562487;0.783308454;0.773614057;0.239369225;0.55234044;-0.161884912;-0.714225352
2019-03;0.716389453;0.874995034;1.079769164;0.863533962;0.54806076;0.311089327;0.86786842;-0.303586203;-1.171454623
2019-04;0.539587028;0.614014406;0.809882625;0.705055452;0.595399784;0.321968471;0.487671914;-0.349980636;-0.83765255
2019-05;0.163727979;0.615410563;0.835894524;0.725986626;0.244557771;0.19838465;0.333377965;-0.331931345;-0.66530931
2019-06;0.082716417;0.69093201;0.68622817;0.477083962;0.07833657;0.165261523;0.150592042;-0.16589242;-0.316484462
2019-07;0.003066703;0.715571117;0.506131975;0.106821319;-0.493196102;0.065526647;0.011339444;-0.168545375;-0.179884819
2019-08;-0.254195316;0.602713277;0.223658843;-0.069908286;-0.38759372;0.130611713;-0.257944739;-0.091441822;0.166502917
2019-09;-0.193067442;0.559483198;0.056303737;-0.166550157;-0.678798607;0.312994112;-0.092433543;0.07604699;0.168480533
2019-10;-0.328768411;0.838602667;0.61029644;0.242624389;-0.820041508;0.074438787;-0.264441039;-0.112166075;0.152274963
2019-11;-0.041757054;0.713406188;0.535714772;0.443783101;0.03477846;0.426369666;0.236242811;-0.331962028;-0.568204839
2019-12;0.251563813;0.839962563;0.494755846;0.346057841;0.447995776;0.269902784;0.436494455;-0.394675936;-0.831170392
2020-01;0.634240149;0.939842759;0.60213333;0.271592411;0.130735083;0.548636645;0.872627905;-0.282993919;-1.155621824
2020-02;0.469413966;0.880262888;0.421672832;0.142182293;0.323348852;0.502000504;0.51181769;0.063842742;-0.447974948
2020-03;0.647920075;0.710625185;0.552375283;0.226692135;0.56828022;0.295113589;0.530184568;0.234185997;-0.295998572
2020-04;0.623919164;0.483841411;0.483900945;0.447643725;0.32103884;0.190213557;0.517164118;0.276099377;-0.241064741
2020-05;0.342252619;-0.014647991;-0.175588255;-0.103772784;-0.149474768;0.265978075;0.431982947;0.077793719;-0.354189228
2020-06;0.254437546;0.091307111;-0.221887758;-0.56712531;-0.758546629;-0.04846708;0.298458117;0.334399251;0.035941134
2020-07;0.088173222;-0.009921625;-0.084391331;-0.380589524;-0.891824046;0.088544899;0.03155049;0.202109867;0.170559377
2020-08;0.057282969;-0.414762117;-0.488604805;-0.38790611;-0.593561156;0.264450686;0.056602625;0.088043198;0.031440572
2020-09;0.017773406;-0.506467461;-0.592906779;-0.774668543;-0.60162792;-0.147113991;-0.031195428;0.01745793;0.048653358
2020-10;0.168029774;-0.798024795;-1.090364805;-0.863621766;-0.574916562;-0.130023765;0.086555758;-0.026600637;-0.113156395
2020-11;0.213839731;-0.772374793;-1.185412324;-1.00656778;-0.525678193;-0.0632124;-0.06314911;0.010742911;0.073892021
2020-12;-0.116981096;-0.935161299;-0.944331608;-0.65618172;-0.730842399;-0.338069621;-0.301972936;0.039686274;0.341659209
2021-01;-0.235870693;-1.088378637;-0.850339897;-0.44612695;-0.629224072;-0.149571174;-0.375061517;0.098568259;0.473629775
2021-02;-0.451813819;-0.94723486;-0.812340312;-0.681038764;-0.481312636;-0.010397447;-0.607686459;-0.02580882;0.581877639
2021-03;-0.39725104;-0.474584354;-0.47935591;-0.430378158;-0.306542955;-0.283374246;-0.446476334;-0.178692374;0.26778396
2021-04;-0.288487134;-0.219102656;-0.507222795;-0.725418151;-1.054222385;0.070276287;-0.148013402;-0.068645079;0.079368322
2021-05;-0.053737129;-0.099206744;-0.244985768;-0.39206896;-0.710901026;0.264211647;0.148940818;-0.20509864;-0.354039458
2021-06;0.026607282;0.006801764;0.048600441;-0.023192035;0.170434211;0.573389329;0.250414691;-0.244686124;-0.495100815
2021-07;0.476130465;-0.173843247;-0.117205897;-0.044758852;0.455702382;0.68595193;0.522790817;-0.167168113;-0.68995893
2021-08;0.336509895;-0.124429588;-0.217933501;-0.151260641;0.151930258;0.529726953;0.497511837;-0.141061002;-0.638572839
2021-09;0.415234967;-0.49593344;-0.197039018;-0.121961554;0.376277262;0.310944576;0.490469017;0.093504988;-0.396964029
2021-10;0.627798693;-0.645322729;-0.72324651;-0.524235808;-0.165791281;0.270749505;0.625863178;-0.085952513;-0.711815691
2021-11;0.557771552;-0.76507945;-0.8031287;-0.755623321;-0.714399325;0.143959087;0.457208801;0.068414398;-0.388794403
2021-12;0.077725491;-0.845058415;-0.9926739;-1.185357039;-1.388571515;0.007034095;-0.086235767;-0.041217472;0.045018296
2022-01;0.072962098;-0.277717586;-0.767729353;-1.142154625;-0.518752615;-0.140824273;0.141283333;0.17850862;0.037225287
2022-02;0.142234351;-0.291429538;-0.649254915;-1.032565312;-1.295884074;0.112554712;0.191546803;0.267516972;0.075970169
2022-03;-0.064772847;-0.74250416;-0.825551671;-0.61973929;-0.447741552;-0.040459998;0.023937653;-0.358777352;-0.382715005
2022-04;0.009283036;-0.87390143;-0.918543068;-0.837385546;-1.218166601;-0.119368143;0.119235531;-0.355079736;-0.474315268
2022-05;0.082612219;-0.94369706;-0.992430461;-0.847910924;-1.090168068;-0.019462011;-0.021998802;-0.025417432;-0.003418631
2022-06;0.296318446;-0.634740936;-0.586497603;-0.557536431;-1.229234154;0.107003685;0.172036793;0.078959925;-0.093076869
2022-07;0.042052872;-0.981342444;-0.566331728;-0.30819704;-0.944161335;-0.007183442;-0.039614944;-0.08235506;-0.042740116
2022-08;0.148348668;-1.045921477;-0.9065136;-0.453488543;-0.318229319;-0.07323052;0.123828687;-0.050163576;-0.173992263
2022-09;0.115289759;-1.095203573;-0.858248665;-0.77329821;-0.890477106;-0.003628352;0.073614938;0.029589562;-0.044025375
2022-10;0.14898233;-1.169742779;-0.763478755;-0.855710576;-1.685111;0.154736535;0.073720861;-0.064861242;-0.138582103
2022-11;0.092998997;-0.994133213;-0.878053709;-0.851837569;-1.157732587;-0.048996762;0.056618684;-0.219013876;-0.27563256
2022-12;-0.033294928;-0.812216044;-0.775631517;-0.729563303;-0.204789087;-0.005870995;0.00086218;-0.063504596;-0.064366776
2023-01;0.110413512;-0.67507007;-0.615155354;-0.437279082;-0.204983452;0.109423338;0.29403222;-0.044934176;-0.338966396
2023-02;-0.185403652;-0.626119897;-0.383470238;-0.052473858;0.825078194;-0.02185082;0.07864208;-0.052162598;-0.130804678
